{
  "project_info": {
    "project_number": "132092802313",
    "firebase_url": "https://image-caption-cd157.firebaseio.com",
    "project_id": "image-caption-cd157",
    "storage_bucket": "image-caption-cd157.appspot.com"
  },
  "client": [
    {
      "client_info": {
        "mobilesdk_app_id": "1:132092802313:android:6c6639a57ce3931fc5cfd8",
        "android_client_info": {
          "package_name": "com.sabrien.project2"
        }
      },
      "oauth_client": [
        {
          "client_id": "132092802313-194gfuel5iu160nkoc7jp722vhdef6rn.apps.googleusercontent.com",
          "client_type": 1,
          "android_info": {
            "package_name": "com.sabrien.project2",
            "certificate_hash": "7f114f2ac47fab29fce9aad59bbf7c703addf1bc"
          }
        },
        {
          "client_id": "132092802313-0qi8ujvhv68ate3poqgsd6gnvfdimibc.apps.googleusercontent.com",
          "client_type": 3
        }
      ],
      "api_key": [
        {
          "current_key": "AIzaSyCU7jM2UF1JbpENgdgG_2Jxl64242WuHck"
        }
      ],
      "services": {
        "appinvite_service": {
          "other_platform_oauth_client": [
            {
              "client_id": "132092802313-0qi8ujvhv68ate3poqgsd6gnvfdimibc.apps.googleusercontent.com",
              "client_type": 3
            }
          ]
        }
      }
    }
  ],
  "configuration_version": "1"
}